,id,party,name
0,172,Labour,"Abbott, Ms Diane"
1,4212,Labour,"Abrahams, Debbie"
2,645,Sinn Féin,"Adams, Mr Gerry"
3,4057,Conservative,"Adams, Nigel"
4,4639,Conservative,"Afolami, Bim"
5,1586,Conservative,"Afriyie, Adam"
6,4841,Independent,"Ahmad Khan, Imran"
7,4427,Scottish National Party,"Ahmed-Sheikh, Ms Tasmina"
8,4741,Conservative,"Aiken, Nickie"
9,306,Labour,"Ainsworth, Mr Bob"
10,4069,Conservative,"Aldous, Peter"
11,1535,Liberal Democrat,"Alexander, Danny"
12,632,Labour (Co-op),"Alexander, Mr Douglas"
13,4038,Labour,"Alexander, Heidi"
14,4138,Labour,"Ali, Rushanara"
15,4747,Labour,"Ali, Tahir"
16,4411,Independent,"Allan, Lucy"
17,364,Labour,"Allen, Mr Graham"
18,4516,Liberal Democrat,"Allen, Heidi"
19,4573,Labour,"Allin-Khan, Dr Rosena"
20,4667,Labour,"Amesbury, Mike"
21,44,Conservative,"Amess, Sir David"
22,1486,Labour,"Anderson, Mr David"
23,4788,Labour,"Anderson, Fleur"
24,4743,Reform UK,"Anderson, Lee"
25,4742,Conservative,"Anderson, Stuart"
26,4032,Conservative,"Andrew, Stuart"
27,4512,Conservative,"Ansell, Caroline"
28,4623,Labour,"Antoniazzi, Tonia"
29,4362,Conservative,"Argar, Edward"
30,4387,Scottish National Party,"Arkless, Richard"
31,4244,Labour (Co-op),"Ashworth, Jonathan"
32,4855,Conservative,"Atherton, Sarah"
33,4399,Conservative,"Atkins, Victoria"
34,4798,Conservative,"Bacon, Gareth"
35,1451,Conservative,"Bacon, Mr Richard"
36,4597,Conservative,"Badenoch, Mrs Kemi"
37,320,Labour (Co-op),"Bailey, Mr Adrian"
38,4757,Conservative,"Bailey, Shaun"
39,4847,Conservative,"Baillie, Siobhan"
40,1610,Labour,"Bain, Mr William"
41,4784,Conservative,"Baker, Duncan"
42,28,Liberal Democrat,"Baker, Norman"
43,4064,Conservative,"Baker, Mr Steve"
44,93,Conservative,"Baldry, Sir Tony"
45,4107,Conservative,"Baldwin, Dame Harriett"
46,1549,Labour (Co-op),"Balls, Ed"
47,1589,Labour,"Banks, Gordon"
48,4095,Conservative,"Barclay, Steve"
49,4486,Scottish National Party,"Bardell, Hannah"
50,4828,Labour,"Barker, Paula"
51,1390,Conservative,"Baron, Mr John"
52,392,Labour,"Barron, Sir Kevin"
53,385,Labour,"Bayley, Sir Hugh"
54,4800,Conservative,"Baynes, Simon"
55,3910,Independent,"Bebb, Guto"
56,328,Labour,"Beckett, Dame Margaret"
57,572,Labour,"Begg, Dame Anne"
58,4697,Sinn Féin,"Begley, Órfhlaith"
59,4790,Independent,"Begum, Apsana"
60,4837,Conservative,"Bell, Aaron"
61,501,Labour,"Bell, Sir Stuart"
62,413,Labour,"Benn, Hilary"
63,479,Labour,"Benton, Mr Joe"
64,4793,Independent,"Benton, Scott"
65,17,Speaker,"Bercow, John"
66,103,Conservative,"Beresford, Sir Paul"
67,4036,Liberal Democrat,"Berger, Luciana"
68,4060,Conservative,"Berry, Sir Jake"
69,4489,Conservative,"Berry, James"
70,394,Labour,"Betts, Mr Clive"
71,4818,Conservative,"Bhatti, Saqib"
72,3994,Conservative,"Bingham, Andrew"
73,1550,Conservative,"Binley, Mr Brian"
74,3946,Liberal Democrat,"Birtwistle, Gordon"
75,4421,Scottish National Party,"Black, Mhairi"
76,4390,Scottish National Party,"Blackford, Ian"
77,4005,Conservative,"Blackman, Bob"
78,4357,Scottish National Party,"Blackman, Kirsty"
79,1501,Labour,"Blackman-Woods, Dr Roberta"
80,4864,Labour,"Blake, Olivia"
81,456,Labour,"Blears, Hazel"
82,4037,Labour,"Blenkinsop, Tom"
83,4058,Labour,"Blomfield, Paul"
84,104,Independent,"Blunt, Crispin"
85,3995,Independent,"Boles, Nick"
86,1581,Independent,"Bone, Mr Peter"
87,4748,Scottish National Party,"Bonnar, Steven"
88,4502,Conservative,"Borwick, Victoria"
89,4388,Scottish National Party,"Boswell, Philip"
90,117,Conservative,"Bottomley, Sir Peter"
91,4601,Conservative,"Bowie, Andrew"
92,4588,Labour (Co-op),"Brabin, Tracy"
93,4663,Conservative,"Bradley, Ben"
94,4110,Conservative,"Bradley, Dame Karen"
95,230,Labour,"Bradshaw, Mr Ben"
96,435,Conservative,"Brady, Sir Graham"
97,4373,Sinn Féin,"Brady, Mickey"
98,151,Liberal Democrat,"Brake, Tom"
99,4475,Conservative,"Braverman, Suella"
100,77,Conservative,"Brazier, Sir Julian"
101,1400,Labour,"Brennan, Kevin"
102,4643,Conservative,"Brereton, Jack"
103,4133,Independent,"Bridgen, Andrew"
104,4067,Conservative,"Brine, Steve"
105,4792,Conservative,"Bristow, Paul"
106,4838,Conservative,"Britcliffe, Sara"
107,4417,Scottish National Party,"Brock, Deidre"
108,1530,Conservative,"Brokenshire, James"
109,1431,Liberal Democrat,"Brooke, Annette"
110,4470,Scottish National Party,"Brown, Alan"
111,591,Labour,"Brown, Mr Gordon"
112,1583,Labour,"Brown, Ms Lyn"
113,523,Independent,"Brown, Mr Nicholas"
114,588,Labour,"Brown, Mr Russell"
115,4801,Conservative,"Browne, Anthony"
116,1575,Liberal Democrat,"Browne, Mr Jeremy"
117,3958,Conservative,"Bruce, Fiona"
118,1446,Labour,"Bryant, Chris"
119,4821,Conservative,"Buchan, Felicity"
120,199,Labour,"Buck, Ms Karen"
121,4106,Conservative,"Buckland, Sir Robert"
122,301,Labour,"Burden, Richard"
123,4613,Conservative,"Burghart, Alex"
124,4493,Independent,"Burgon, Richard"
125,3937,Conservative,"Burley, Mr Aidan"
126,1427,Labour,"Burnham, Andy"
127,3922,Conservative,"Burns, Sir Conor"
128,46,Conservative,"Burns, Sir Simon"
129,1518,Conservative,"Burrowes, Mr David"
130,204,Liberal Democrat,"Burstow, Paul"
131,1201,Conservative,"Burt, Alistair"
132,1489,Labour,"Butler, Dawn"
133,4745,Conservative,"Butler, Rob"
134,4112,Conservative,"Byles, Dan"
135,4831,Independent,"Byrne, Ian"
136,1171,Labour,"Byrne, Liam"
137,207,Liberal Democrat,"Cable, Sir Vince"
138,4389,Labour,"Cadbury, Ruth"
139,4086,Conservative,"Cairns, Alun"
140,1421,Labour,"Cairns, David"
141,4770,Scottish National Party,"Callaghan, Amy"
142,4412,Conservative,"Cameron, Dr Lisa"
143,529,Labour,"Campbell, Sir Alan"
144,1409,Democratic Unionist Party,"Campbell, Mr Gregory"
145,514,Labour,"Campbell, Mr Ronnie"
146,4651,Labour,"Carden, Dan"
147,1442,Liberal Democrat,"Carmichael, Mr Alistair"
148,4104,Conservative,"Carmichael, Neil"
149,1527,Independent,"Carswell, Mr Douglas"
150,4791,Conservative,"Carter, Andy"
151,4519,Conservative,"Cartlidge, James"
152,288,Conservative,"Cash, Sir William"
153,4865,Conservative,"Cates, Miriam"
154,566,Labour,"Caton, Martin"
155,4492,Conservative,"Caulfield, Maria"
156,4481,Conservative,"Chalk, Alex"
157,4765,Liberal Democrat,"Chamberlain, Wendy"
158,4267,Labour,"Champion, Sarah"
159,4402,Scottish National Party,"Chapman, Douglas"
160,4610,Labour,"Charalambous, Bambos"
161,4419,Scottish National Party,"Cherry, Joanna"
162,3987,Conservative,"Chishti, Rehman"
163,242,Conservative,"Chope, Sir Christopher"
164,4380,Conservative,"Churchill, Jo"
165,67,Conservative,"Clappison, Mr James"
166,4650,Conservative,"Clark, Colin"
167,4822,Labour,"Clark, Feryal"
168,1578,Conservative,"Clark, Greg"
169,4655,Conservative,"Clarke, Sir Simon"
170,4819,Conservative,"Clarke, Theo"
171,583,Labour,"Clarke, Mr Tom"
172,4756,Conservative,"Clarke-Smith, Brendan"
173,4835,Conservative,"Clarkson, Chris"
174,1563,Liberal Democrat,"Clegg, Mr Nick"
175,4366,Conservative,"Cleverly, Mr James"
176,249,Conservative,"Clifton-Brown, Sir Geoffrey"
177,553,Labour,"Clwyd, Ann"
178,458,The Independent Group for Change,"Coffey, Ann"
179,4098,Conservative,"Coffey, Dr Thérèse"
180,4775,Conservative,"Colburn, Elliot"
181,3986,Conservative,"Collins, Damian"
182,4022,Conservative,"Colvile, Oliver"
183,602,Labour,"Connarty, Michael"
184,4769,Liberal Democrat,"Cooper, Daisy"
185,4405,Labour,"Cooper, Julie"
186,1538,Labour,"Cooper, Rosie"
187,420,Labour,"Cooper, Yvette"
188,185,Independent,"Corbyn, Jeremy"
189,4439,Conservative,"Costa, Alberto"
190,4589,Conservative,"Courts, Robert"
191,4806,Conservative,"Coutinho, Claire"
192,4465,Scottish National Party,"Cowan, Ronnie"
193,1508,Conservative,"Cox, Sir Geoffrey"
194,4375,Labour,"Cox, Jo"
195,4368,Labour,"Coyle, Neil"
196,1554,Conservative,"Crabb, Stephen"
197,437,Labour,"Crausby, Sir David"
198,4469,Scottish National Party,"Crawley, Angela"
199,1579,Labour,"Creagh, Mary"
200,4088,Labour (Co-op),"Creasy, Ms Stella"
201,3967,Liberal Democrat,"Crockart, Mike"
202,4859,Conservative,"Crosbie, Virginia"
203,3950,Conservative,"Crouch, Dame Tracey"
204,1406,Labour,"Cruddas, Jon"
205,181,Labour,"Cryer, John"
206,4391,Labour,"Cummins, Judith"
207,4122,Labour,"Cunningham, Alex"
208,308,Labour,"Cunningham, Mr Jim"
209,1469,Labour,"Cunningham, Sir Tony"
210,3982,Labour,"Curran, Margaret"
211,4698,Labour,"Daby, Janet"
212,4056,Labour,"Dakin, Sir Nicholas"
213,4981,Labour,"Dalton, Ashley"
214,4854,Conservative,"Daly, James"
215,4059,Independent,"Danczuk, Simon"
216,188,Liberal Democrat,"Davey, Ed"
217,1398,Labour,"David, Wayne"
218,611,Labour (Co-op),"Davidson, Mr Ian"
219,4376,Conservative,"Davies, Chris"
220,1545,Conservative,"Davies, David T C"
221,4850,Conservative,"Davies, Gareth"
222,155,Independent,"Davies, Geraint"
223,4041,Conservative,"Davies, Glyn"
224,4476,Conservative,"Davies, Dr James"
225,4513,Conservative,"Davies, Mims"
226,1565,Conservative,"Davies, Sir Philip"
227,4849,Labour,"Davies-Jones, Alex"
228,373,Conservative,"Davis, David"
229,4737,Conservative,"Davison, Dehenna"
230,4488,Scottish National Party,"Day, Martyn"
231,4002,Conservative,"de Bois, Nick"
232,4676,Labour,"De Cordova, Marsha"
233,3915,Labour,"De Piero, Gloria"
234,4433,Labour,"Debbonaire, Thangam"
235,61,Labour,"Denham, Mr John"
236,4683,Labour,"Dent Coad, Emma"
237,4638,Labour,"Dhesi, Mr Tanmanjeet Singh"
238,4008,Conservative,"Dinenage, Dame Caroline"
239,4816,Conservative,"Dines, Miss Sarah"
240,4976,Labour,"Dixon, Samantha"
241,1425,Conservative,"Djanogly, Mr Jonathan"
242,446,Labour (Co-op),"Dobbin, Jim"
243,180,Labour,"Dobson, Frank"
244,4600,Conservative,"Docherty, Leo"
245,3962,Labour,"Docherty, Thomas"
246,4374,Scottish National Party,"Docherty-Hughes, Martin"
247,4657,Labour (Co-op),"Dodds, Anneliese"
248,4718,Liberal Democrat,"Dodds, Jane"
249,1465,Sinn Féin,"Doherty, Mr Pat"
250,650,Independent,"Donaldson, Sir Jeffrey M"
251,4377,Scottish National Party,"Donaldson, Stuart Blair"
252,4530,Conservative,"Donelan, Michelle"
253,586,Labour,"Donohoe, Mr Brian H."
254,4736,Scottish National Party,"Doogan, Dave"
255,570,Labour,"Doran, Mr Frank"
256,4740,Scottish National Party,"Dorans, Allan"
257,336,Conservative,"Dorrell, Mr Stephen"
258,1481,Conservative,"Dorries, Ms Nadine"
259,4452,Conservative,"Double, Steve"
260,4264,Labour (Co-op),"Doughty, Stephen"
261,189,Labour,"Dowd, Jim"
262,4397,Labour,"Dowd, Peter"
263,4441,Conservative,"Dowden, Sir Oliver"
264,4063,Labour (Co-op),"Doyle, Gemma"
265,4065,Conservative,"Doyle-Price, Dame Jackie"
266,4132,Conservative,"Drax, Richard"
267,252,Labour (Co-op),"Drew, Dr David"
268,3913,Labour,"Dromey, Jack"
269,4459,Conservative,"Drummond, Mrs Flick"
270,1559,Conservative,"Duddridge, Sir James"
271,4616,Labour,"Duffield, Rosie"
272,3916,Labour,"Dugher, Michael"
273,4606,Conservative,"Duguid, David"
274,343,Conservative,"Duncan, Sir Alan"
275,152,Conservative,"Duncan Smith, Sir Iain"
276,1542,Conservative,"Dunne, Philip"
277,1594,Social Democratic & Labour Party,"Durkan, Mark"
278,4995,Liberal Democrat,"Dyke, Sarah"
279,491,Labour,"Eagle, Dame Angela"
280,483,Labour,"Eagle, Maria"
281,4846,Social Democratic & Labour Party,"Eastwood, Colum"
282,4807,Conservative,"Eastwood, Mark"
283,3943,Independent,"Edwards, Jonathan"
284,4808,Conservative,"Edwards, Ruth"
285,5001,Labour,"Edwards, Sarah"
286,165,Labour,"Efford, Clive"
287,5010,Labour,"Egan, Damien"
288,4127,Labour,"Elliott, Julie"
289,4367,Ulster Unionist Party,"Elliott, Tom"
290,4116,Conservative,"Ellis, Sir Michael"
291,3918,Conservative,"Ellison, Jane"
292,484,Independent,"Ellman, Dame Louise"
293,1487,Conservative,"Ellwood, Mr Tobias"
294,4572,Labour,"Elmore, Chris"
295,3971,Independent,"Elphicke, Charlie"
296,4795,Labour,"Elphicke, Mrs Natalie"
297,1507,Labour,"Engel, Natascha"
298,4870,Labour (Co-op),"Eshalomi, Florence"
299,4061,Labour,"Esterson, Bill"
300,3934,Conservative,"Eustice, George"
301,4040,Labour (Co-op),"Evans, Chris"
302,1166,Conservative,"Evans, Jonathan"
303,4781,Conservative,"Evans, Dr Luke"
304,474,Conservative,"Evans, Mr Nigel"
305,1198,Conservative,"Evennett, Sir David"
306,4836,Conservative,"Everitt, Ben"
307,280,Conservative,"Fabricant, Michael"
308,88,Conservative,"Fallon, Sir Michael"
309,1436,Labour,"Farrelly, Paul"
310,4826,Conservative,"Farris, Laura"
311,1591,Liberal Democrat,"Farron, Tim"
312,4856,Alliance,"Farry, Stephen"
313,4744,Conservative,"Fell, Simon"
314,4440,Scottish National Party,"Fellows, Marion"
315,4386,Independent,"Ferrier, Margaret"
316,1405,Conservative,"Field, Mark"
317,4823,Sinn Féin,"Finucane, John"
318,4936,Conservative,"Firth, Anna"
319,197,Labour,"Fitzpatrick, Jim"
320,1569,Labour,"Flello, Robert"
321,4378,Labour,"Fletcher, Colleen"
322,4834,Conservative,"Fletcher, Katherine"
323,4774,Conservative,"Fletcher, Mark"
324,4832,Conservative,"Fletcher, Nick"
325,389,Labour,"Flint, Caroline"
326,545,Labour,"Flynn, Paul"
327,4735,Scottish National Party,"Flynn, Stephen"
328,4942,Liberal Democrat,"Foord, Richard"
329,4717,Labour,"Forbes, Ms Lisa"
330,4674,Conservative,"Ford, Vicky"
331,4451,Conservative,"Foster, Kevin"
332,4034,Labour,"Fovargue, Yvonne"
333,223,Conservative,"Fox, Sir Liam"
334,4491,Labour,"Foxcroft, Vicky"
335,4753,Labour,"Foy, Mary Kelly"
336,1382,Labour,"Francis, Dr Hywel"
337,1444,Conservative,"Francois, Mr Mark"
338,4517,Conservative,"Frazer, Lucy"
339,4020,Conservative,"Freeman, George"
340,4004,Conservative,"Freer, Mike"
341,4932,Conservative,"French, Mr Louie"
342,4637,Labour,"Frith, Mr James"
343,3912,Conservative,"Fuller, Richard"
344,4571,Labour,"Furniss, Gill"
345,4446,Conservative,"Fysh, Mr Marcus"
346,4614,Labour,"Gaffney, Hugh"
347,87,Conservative,"Gale, Sir Roger"
348,609,Workers Party of Britain,"Galloway, George"
349,184,The Independent Group for Change,"Gapes, Mike"
350,146,Labour,"Gardiner, Barry"
351,4074,Conservative,"Garnier, Mark"
352,1529,Independent,"Gauke, Mr David"
353,227,Liberal Democrat,"George, Andrew"
354,4662,Labour,"George, Ruth"
355,4434,Scottish National Party,"Gethins, Stephen"
356,4460,Conservative,"Ghani, Ms Nusrat"
357,111,Conservative,"Gibb, Nick"
358,4435,Scottish National Party,"Gibson, Patricia"
359,4754,Conservative,"Gibson, Peter"
360,4817,Conservative,"Gideon, Jo"
361,4101,Liberal Democrat,"Gilbert, Stephen"
362,1416,Sinn Féin,"Gildernew, Michelle"
363,4603,Labour (Co-op),"Gill, Preet Kaur"
364,18,Conservative,"Gillan, Dame Cheryl"
365,3965,Labour,"Gilmore, Sheila"
366,4633,Democratic Unionist Party,"Girvan, Paul"
367,4103,Labour,"Glass, Pat"
368,4051,Conservative,"Glen, John"
369,4126,Labour,"Glindon, Mary"
370,304,Labour,"Godsiff, Mr Roger"
371,462,Labour,"Goggins, Paul"
372,1484,Labour,"Goodman, Helen"
373,1562,Conservative,"Goodwill, Sir Robert"
374,1571,Conservative,"Gove, Michael"
375,4432,Scottish National Party,"Grady, Patrick"
376,4622,Conservative,"Graham, Luke"
377,3990,Conservative,"Graham, Richard"
378,4605,Conservative,"Grant, Bill"
379,4018,Conservative,"Grant, Helen"
380,4466,Scottish National Party,"Grant, Peter"
381,261,Conservative,"Gray, James"
382,4365,Scottish National Party,"Gray, Neil"
383,1413,Conservative,"Grayling, Chris"
384,4047,Labour (Co-op),"Greatrex, Tom"
385,4398,Conservative,"Green, Chris"
386,76,Conservative,"Green, Damian"
387,4120,Labour,"Green, Kate"
388,4918,Liberal Democrat,"Green, Sarah"
389,1555,Independent,"Greening, Justine"
390,4029,Labour,"Greenwood, Lilian"
391,4400,Labour,"Greenwood, Margaret"
392,16,Independent,"Grieve, Mr Dominic"
393,4874,Conservative,"Griffith, Andrew"
394,1541,Labour,"Griffith, Dame Nia"
395,3936,Conservative,"Griffiths, Andrew"
396,382,Labour,"Grogan, John"
397,4843,Conservative,"Grundy, James"
398,4814,Conservative,"Gullis, Jonathan"
399,3988,Conservative,"Gummer, Ben"
400,1506,Labour (Co-op),"Gwynne, Andrew"
401,3980,Liberal Democrat,"Gyimah, Mr Sam"
402,4473,Labour,"Haigh, Louise"
403,4675,Conservative,"Hair, Kirstene"
404,3985,Conservative,"Halfon, Robert"
405,4450,Conservative,"Hall, Luke"
406,3951,Liberal Democrat,"Hames, Duncan"
407,1432,Labour,"Hamilton, Mr David"
408,415,Labour,"Hamilton, Fabian"
409,4938,Labour,"Hamilton, Paulette"
410,1585,Conservative,"Hammond, Stephen"
411,4070,Conservative,"Hancock, Matt"
412,59,Independent,"Hancock, Mr Mike"
413,1526,Conservative,"Hands, Greg"
414,4827,Social Democratic & Labour Party,"Hanna, Claire"
415,4782,Alba Party,"Hanvey, Neale"
416,4645,Labour,"Hardy, Emma"
417,150,Labour,"Harman, Ms Harriet"
418,1520,Conservative,"Harper, Mr Mark"
419,4477,Labour,"Harpham, Harry"
420,4480,Labour,"Harris, Carolyn"
421,3948,Conservative,"Harris, Rebecca"
422,1418,Labour,"Harris, Mr Tom"
423,4593,Conservative,"Harrison, Trudy"
424,4842,Conservative,"Hart, Sally-Ann"
425,3944,Conservative,"Hart, Simon"
426,231,Liberal Democrat,"Harvey, Sir Nick"
427,1430,Labour,"Havard, Mr Dai"
428,4510,Labour,"Hayes, Helen"
429,350,Conservative,"Hayes, Sir John"
430,4636,Sinn Féin,"Hazzard, Chris"
431,69,Conservative,"Heald, Sir Oliver"
432,400,Labour,"Healey, John"
433,4528,Conservative,"Heappey, James"
434,255,Liberal Democrat,"Heath, Mr David"
435,3977,Conservative,"Heaton-Harris, Chris"
436,4524,Conservative,"Heaton-Jones, Peter"
437,1483,Liberal Democrat,"Hemming, John"
438,4050,Conservative,"Henderson, Gordon"
439,473,Labour (Co-op),"Hendrick, Sir Mark"
440,1220,Conservative,"Hendry, Charles"
441,4467,Scottish National Party,"Hendry, Drew"
442,4794,Conservative,"Henry, Darren"
443,520,Independent,"Hepburn, Mr Stephen"
444,1437,Independent,"Hermon, Lady"
445,1386,Labour,"Heyes, David"
446,4833,Conservative,"Higginbotham, Antony"
447,4644,Labour,"Hill, Mike"
448,1524,Labour (Co-op),"Hillier, Dame Meg"
449,3925,Labour,"Hilling, Julie"
450,3969,Conservative,"Hinds, Damian"
451,4494,Conservative,"Hoare, Simon"
452,1414,Conservative,"Hoban, Mr Mark"
453,4602,Liberal Democrat,"Hobhouse, Wera"
454,140,Labour,"Hodge, Dame Margaret"
455,1521,Labour,"Hodgson, Mrs Sharon"
456,4813,Conservative,"Holden, Mr Richard"
457,4363,Labour,"Hollern, Kate"
458,4016,Conservative,"Hollingbery, Sir George"
459,4474,Conservative,"Hollinrake, Kevin"
460,1537,Conservative,"Hollobone, Mr Philip"
461,1522,Conservative,"Holloway, Adam"
462,4803,Conservative,"Holmes, Paul"
463,582,Labour,"Hood, Mr Jim"
464,2,Independent,"Hopkins, Kelvin"
465,4043,Conservative,"Hopkins, Kris"
466,4873,Labour,"Hopkins, Rachel"
467,1499,Liberal Democrat,"Horwood, Martin"
468,1514,Scottish National Party,"Hosie, Stewart"
469,481,Labour,"Howarth, Sir George"
470,47,Conservative,"Howarth, Sir Gerald"
471,1606,Conservative,"Howell, John"
472,4830,Conservative,"Howell, Paul"
473,4445,Conservative,"Howlett, Ben"
474,467,Speaker,"Hoyle, Sir Lindsay"
475,4407,Conservative,"Huddleston, Nigel"
476,4853,Conservative,"Hudson, Dr Neil"
477,4635,Conservative,"Hughes, Eddie"
478,194,Liberal Democrat,"Hughes, Simon"
479,1517,Liberal Democrat,"Huhne, Chris"
480,4839,Conservative,"Hunt, Jane"
481,1572,Conservative,"Hunt, Jeremy"
482,4771,Conservative,"Hunt, Tom"
483,4111,Labour,"Hunt, Tristram"
484,1598,Liberal Democrat,"Hunter, Mark"
485,3931,Liberal Democrat,"Huppert, Dr Julian"
486,4511,Labour,"Huq, Dr Rupa"
487,1561,Conservative,"Hurd, Mr Nick"
488,4394,Independent,"Hussain, Imran"
489,386,Independent,"Illsley, Mr Eric"
490,1476,Labour,"Irranca-Davies, Huw"
491,4619,Conservative,"Jack, Mr Alister"
492,175,Labour,"Jackson, Glenda"
493,4115,Conservative,"James, Margot"
494,1573,Labour,"James, Mrs Siân C."
495,4011,Labour (Co-op),"Jamieson, Cathy"
496,4634,Liberal Democrat,"Jardine, Christine"
497,4243,Labour,"Jarvis, Dan"
498,3945,Conservative,"Javid, Sir Sajid"
499,4498,Conservative,"Jayawardena, Mr Ranil"
500,40,Conservative,"Jenkin, Sir Bernard"
501,4752,Conservative,"Jenkinson, Mark"
502,4490,Conservative,"Jenkyns, Dame Andrea"
503,4320,Conservative,"Jenrick, Robert"
504,376,Labour,"Johnson, Alan"
505,1423,Conservative,"Johnson, Boris"
506,4592,Conservative,"Johnson, Dr Caroline"
507,1533,Labour,"Johnson, Dame Diana"
508,3970,Conservative,"Johnson, Gareth"
509,4824,Labour,"Johnson, Kim"
510,4761,Conservative,"Johnston, David"
511,3996,Conservative,"Jones, Andrew"
512,4621,Labour,"Jones, Darren"
513,1502,Conservative,"Jones, Mr David"
514,4763,Conservative,"Jones, Fay"
515,4501,Labour,"Jones, Gerald"
516,3999,Labour,"Jones, Graham P"
517,432,Labour,"Jones, Helen"
518,1438,Labour,"Jones, Mr Kevan"
519,4024,Conservative,"Jones, Mr Marcus"
520,4716,Labour,"Jones, Ruth"
521,4631,Labour,"Jones, Sarah"
522,3956,Labour,"Jones, Susan Elan"
523,603,Independent,"Joyce, Eric"
524,4862,Conservative,"Jupp, Simon"
525,4316,Labour,"Kane, Mike"
526,451,Labour,"Kaufman, Sir Gerald"
527,1566,Conservative,"Kawczynski, Daniel"
528,4805,Conservative,"Kearns, Alicia"
529,4680,Conservative,"Keegan, Gillian"
530,1588,Labour,"Keeley, Barbara"
531,169,Labour (Co-op),"Keen, Alan"
532,3975,Conservative,"Kelly, Chris"
533,4026,Labour,"Kendall, Liz"
534,634,Liberal Democrat,"Kennedy, Mr Charles"
535,4455,Conservative,"Kennedy, Seema"
536,4416,Scottish National Party,"Kerevan, George"
537,4379,Scottish National Party,"Kerr, Calum"
538,4604,Conservative,"Kerr, Stephen"
539,4671,Labour,"Khan, Afzal"
540,1577,Labour,"Khan, Sadiq"
541,4672,Labour (Co-op),"Killen, Ged"
542,4381,Ulster Unionist Party,"Kinahan, Danny"
543,4359,Labour,"Kinnock, Stephen"
544,3929,Conservative,"Kirby, Simon"
545,5011,Labour,"Kitchen, Gen"
546,1200,Conservative,"Knight, Sir Greg"
547,4410,Independent,"Knight, Julian"
548,4773,Conservative,"Kniveton, Kate"
549,4858,Conservative,"Kruger, Danny"
550,4134,Conservative,"Kwarteng, Kwasi"
551,4505,Labour,"Kyle, Peter"
552,36,Conservative,"Laing, Dame Eleanor"
553,4660,Labour,"Laird, Lesley"
554,4630,Plaid Cymru,"Lake, Ben"
555,1439,Liberal Democrat,"Lamb, Norman"
556,206,Labour,"Lammy, Mr David"
557,4608,Conservative,"Lamont, John"
558,4852,Conservative,"Largan, Robert"
559,4025,Conservative,"Latham, Mrs Pauline"
560,4139,Labour,"Lavery, Ian"
561,4403,Scottish National Party,"Law, Chris"
562,1473,Liberal Democrat,"Laws, Mr David"
563,1411,Labour (Co-op),"Lazarowicz, Mark"
564,4923,Labour,"Leadbeater, Kim"
565,4117,Conservative,"Leadsom, Andrea"
566,3993,Conservative,"Lee, Jessica"
567,4664,Labour,"Lee, Karen"
568,3921,Liberal Democrat,"Lee, Dr Phillip"
569,1543,Liberal Democrat,"Leech, Mr John"
570,4109,Conservative,"Lefroy, Jeremy"
571,345,Conservative,"Leigh, Sir Edward"
572,3933,Conservative,"Leslie, Charlotte"
573,422,The Independent Group for Change,"Leslie, Mr Chris"
574,247,Independent,"Letwin, Sir Oliver"
575,4749,Conservative,"Levy, Ian"
576,4277,Labour,"Lewell-Buck, Mrs Emma"
577,4659,Conservative,"Lewer, Andrew"
578,4009,Conservative,"Lewis, Sir Brandon"
579,4500,Labour,"Lewis, Clive"
580,441,Independent,"Lewis, Mr Ivan"
581,54,Conservative,"Lewis, Sir Julian"
582,1396,Conservative,"Liddell-Grainger, Mr Ian"
583,15,Conservative,"Lidington, Sir David"
584,4943,Labour (Co-op),"Lightwood, Simon"
585,4640,Scottish National Party,"Linden, David"
586,4611,Democratic Unionist Party,"Little Pengelly, Emma"
587,3968,Liberal Democrat,"Lloyd, Stephen"
588,450,Labour,"Lloyd, Tony"
589,549,Plaid Cymru,"Llwyd, Mr Elfyn"
590,4857,Democratic Unionist Party,"Lockhart, Carla"
591,4751,Conservative,"Loder, Chris"
592,4815,Independent,"Logan, Mark"
593,3920,Alliance,"Long, Naomi"
594,4396,Independent,"Long Bailey, Rebecca"
595,4789,Conservative,"Longhi, Marco"
596,4647,Conservative,"Lopez, Julia"
597,3989,Conservative,"Lopresti, Jack"
598,4090,Conservative,"Lord, Mr Jonathan"
599,114,Conservative,"Loughton, Tim"
600,164,Labour (Co-op),"Love, Mr Andrew"
601,3930,Green Party,"Lucas, Caroline"
602,1470,Labour,"Lucas, Ian C."
603,268,Conservative,"Luff, Sir Peter"
604,4023,Conservative,"Lumley, Karen"
605,4472,Labour,"Lynch, Holly"
606,4772,Alba Party,"MacAskill, Kenny"
607,4529,Conservative,"Mackinlay, Craig"
608,4431,Conservative,"Mackintosh, David"
609,4758,Conservative,"Mackrory, Cherilyn"
610,4668,Conservative,"Maclean, Rachel"
611,3927,Conservative,"Macleod, Mary"
612,1546,Independent,"MacNeil, Angus Brendan"
613,393,Labour,"MacShane, Mr Denis"
614,12,Labour,"Mactaggart, Fiona"
615,4418,Labour,"Madders, Justin"
616,1392,Labour,"Mahmood, Mr Khalid"
617,3914,Labour,"Mahmood, Shabana"
618,1568,Conservative,"Main, Mrs Anne"
619,4484,Conservative,"Mak, Alan"
620,4253,Labour (Co-op),"Malhotra, Seema"
621,4495,Conservative,"Malthouse, Kit"
622,4762,Conservative,"Mangnall, Anthony"
623,4496,Conservative,"Mann, Scott"
624,1468,Labour,"Marris, Rob"
625,465,Labour,"Marsden, Gordon"
626,4768,Conservative,"Marson, Julie"
627,4678,Labour,"Martin, Sandy"
628,4471,Labour (Co-op),"Maskell, Rachael"
629,4245,Sinn Féin,"Maskey, Paul"
630,4625,Conservative,"Masterton, Paul"
631,4993,Labour,"Mather, Keir"
632,4408,Independent,"Matheson, Christian"
633,4404,Conservative,"Mathias, Dr Tania"
634,8,Conservative,"May, Mrs Theresa"
635,4739,Conservative,"Mayhew, Jerome"
636,3926,Conservative,"Maynard, Paul"
637,298,Labour,"McCabe, Steve"
638,4364,Scottish National Party,"McCaig, Callum"
639,4624,Sinn Féin,"McCallion, Elisha"
640,3963,Labour,"McCann, Mr Michael"
641,1491,Labour,"McCarthy, Kerry"
642,3953,Conservative,"McCartney, Jason"
643,4028,Conservative,"McCartney, Karl"
644,3949,Labour,"McClymont, Gregg"
645,193,Labour,"McDonagh, Dame Siobhain"
646,4269,Labour,"McDonald, Andy"
647,4461,Scottish National Party,"McDonald, Stewart Malcolm"
648,4393,Scottish National Party,"McDonald, Stuart C"
649,1596,Social Democratic & Labour Party,"McDonnell, Dr Alasdair"
650,178,Independent,"McDonnell, John"
651,4646,Independent,"McElduff, Barry"
652,1587,Labour,"McFadden, Pat"
653,4428,Independent,"McGarry, Natalie"
654,4458,Independent,"McGinn, Conor"
655,4083,Labour,"McGovern, Alison"
656,1515,Labour,"McGovern, Jim"
657,651,Sinn Féin,"McGuinness, Mr Martin"
658,636,Labour,"McGuire, Dame Anne"
659,4342,Labour,"McInnes, Liz"
660,1419,Labour,"McKechin, Ann"
661,4246,Labour,"McKenzie, Iain"
662,4125,Labour,"McKinnell, Catherine"
663,4437,Scottish National Party,"McLaughlin, Anne"
664,4569,Labour (Co-op),"McMahon, Jim"
665,4632,Labour,"McMorrin, Anna"
666,4424,Scottish National Party,"McNally, John"
667,4093,Conservative,"McPartland, Stephen"
668,4084,Conservative,"McVey, Esther"
669,454,Labour,"Meacher, Mr Michael"
670,361,Labour,"Meale, Sir Alan"
671,4000,Labour,"Mearns, Ian"
672,3959,Conservative,"Mensch, Mrs Louise"
673,3998,Independent,"Menzies, Mark"
674,4485,Conservative,"Mercer, Johnny"
675,1435,Independent,"Mercer, Patrick"
676,4442,Conservative,"Merriman, Huw"
677,4092,Conservative,"Metcalfe, Stephen"
678,562,Labour (Co-op),"Michael, Alun"
679,1452,Labour,"Miliband, David"
680,1510,Labour,"Miliband, Ed"
681,4746,Conservative,"Millar, Robin"
682,428,Labour,"Miller, Andrew"
683,1480,Conservative,"Miller, Dame Maria"
684,4454,Conservative,"Milling, Dame Amanda"
685,4136,Conservative,"Mills, Nigel"
686,1523,Independent,"Milton, Anne"
687,4811,Labour,"Mishra, Navendu"
688,1211,Conservative,"Mitchell, Mr Andrew"
689,372,Labour,"Mitchell, Austin"
690,4804,Conservative,"Mohindra, Mr Gagan"
691,4274,Sinn Féin,"Molloy, Francie"
692,4443,Scottish National Party,"Monaghan, Carol"
693,4383,Scottish National Party,"Monaghan, Dr Paul"
694,1490,Labour,"Moon, Mrs Madeleine"
695,4669,Conservative,"Moore, Damien"
696,638,Liberal Democrat,"Moore, Michael"
697,4861,Conservative,"Moore, Robbie"
698,4656,Liberal Democrat,"Moran, Layla"
699,4017,Conservative,"Mordaunt, Penny"
700,1548,Labour,"Morden, Jessica"
701,4934,Liberal Democrat,"Morgan, Helen"
702,4653,Labour,"Morgan, Stephen"
703,4012,Labour,"Morrice, Graeme"
704,4249,Conservative,"Morris, Anne Marie"
705,4135,Conservative,"Morris, David"
706,3973,Labour,"Morris, Grahame"
707,3992,Conservative,"Morris, James"
708,4759,Conservative,"Morrissey, Joy"
709,4916,Conservative,"Mortimer, Jill"
710,4358,Conservative,"Morton, Wendy"
711,3954,Conservative,"Mosley, Stephen"
712,4080,Conservative,"Mowat, David"
713,414,Labour,"Mudie, Mr George"
714,1540,Liberal Democrat,"Mulholland, Greg"
715,4860,Conservative,"Mullan, Dr Kieran"
716,4468,Scottish National Party,"Mullin, Roger"
717,4867,Conservative,"Mumby-Croft, Holly"
718,1512,Conservative,"Mundell, David"
719,1448,Labour (Co-op),"Munn, Meg"
720,4089,Liberal Democrat,"Munt, Tessa"
721,1595,Sinn Féin,"Murphy, Conor"
722,595,Labour,"Murphy, Mr Jim"
723,3966,Labour,"Murray, Ian"
724,4797,Labour (Co-op),"Murray, James"
725,4100,Conservative,"Murray, Mrs Sheryll"
726,1466,Conservative,"Murrison, Dr Andrew"
727,4082,Labour,"Nandy, Lisa"
728,3909,Labour,"Nash, Pamela"
729,1601,Conservative,"Neill, Sir Robert"
730,4420,Scottish National Party,"Newlands, Gavin"
731,1488,Conservative,"Newmark, Mr Brooks"
732,4071,Conservative,"Newton, Sarah"
733,4799,Labour,"Nichols, Charlotte"
734,4851,Conservative,"Nici, Lia"
735,4415,Scottish National Party,"Nicolson, John"
736,4048,Conservative,"Nokes, Caroline"
737,3991,Conservative,"Norman, Jesse"
738,4641,Labour (Co-op),"Norris, Alex"
739,4140,Conservative,"Nuttall, Mr David"
740,4679,Conservative,"O'Brien, Neil"
741,427,Conservative,"O'Brien, Mr Stephen"
742,3964,Labour,"O'Donnell, Fiona"
743,4006,Conservative,"Offord, Dr Matthew"
744,4371,Scottish National Party,"O'Hara, Brendan"
745,4141,Conservative,"Ollerenshaw, Eric"
746,4591,Liberal Democrat,"Olney, Sarah"
747,4661,Independent,"O'Mara, Jared"
748,4629,Independent,"Onasanya, Fiona"
749,4464,Labour,"Onn, Melanie"
750,4124,Labour,"Onwurah, Chi"
751,4142,Conservative,"Opperman, Guy"
752,4820,Labour,"Oppong-Asare, Ms Abena"
753,4515,Labour (Co-op),"Osamor, Kate"
754,1458,Conservative,"Osborne, Mr George"
755,4783,Labour,"Osborne, Kate"
756,576,Labour,"Osborne, Sandra"
757,4413,Scottish National Party,"Oswald, Kirsten"
758,157,Conservative,"Ottaway, Sir Richard"
759,4779,Labour,"Owatemi, Taiwo"
760,1474,Labour,"Owen, Albert"
761,4777,Labour,"Owen, Sarah"
762,124,Conservative,"Paice, Sir James"
763,4129,Democratic Unionist Party,"Paisley, Ian"
764,4072,Conservative,"Parish, Neil"
765,4066,Conservative,"Patel, Priti"
766,274,Conservative,"Paterson, Mr Owen"
767,4392,Scottish National Party,"Paterson, Steven"
768,4052,Conservative,"Pawsey, Mark"
769,4607,Labour,"Peacock, Stephanie"
770,4003,Labour,"Pearce, Teresa"
771,1528,Conservative,"Penning, Sir Mike"
772,4520,Labour,"Pennycook, Matthew"
773,1584,Conservative,"Penrose, John"
774,3939,Conservative,"Percy, Andrew"
775,3952,Labour,"Perkins, Mr Toby"
776,3974,Conservative,"Perry, Claire"
777,4370,Labour,"Phillips, Jess"
778,4054,Conservative,"Phillips, Stephen"
779,4046,Labour,"Phillipson, Bridget"
780,4503,Conservative,"Philp, Chris"
781,4665,Labour,"Pidcock, Laura"
782,4075,Independent,"Pincher, Christopher"
783,4673,Labour (Co-op),"Platt, Jo"
784,4682,Labour (Co-op),"Pollard, Luke"
785,3932,Labour,"Poulter, Dr Dan"
786,161,Labour,"Pound, Stephen"
787,4522,Conservative,"Pow, Rebecca"
788,4263,Labour (Co-op),"Powell, Lucy"
789,4401,Conservative,"Prentis, Victoria"
790,1424,Conservative,"Prisk, Mr Mark"
791,1576,Conservative,"Pritchard, Mark"
792,1454,Liberal Democrat,"Pugh, John"
793,4369,Conservative,"Pursglove, Tom"
794,4917,Scottish National Party,"Qaisar, Ms Anum"
795,4507,Conservative,"Quin, Sir Jeremy"
796,4423,Conservative,"Quince, Will"
797,3924,Labour,"Qureshi, Yasmin"
798,4007,Conservative,"Raab, Dominic"
799,4845,Conservative,"Randall, Tom"
800,4670,Labour,"Rashid, Faisal"
801,4356,Labour,"Rayner, Angela"
802,171,Labour,"Raynsford, Mr Nick"
803,4049,UK Independence Party,"Reckless, Mark"
804,14,Conservative,"Redwood, Sir John"
805,1503,Labour,"Reed, Mr Jamie"
806,4268,Labour (Co-op),"Reed, Steve"
807,4525,Labour (Co-op),"Rees, Christina"
808,4099,Conservative,"Rees-Mogg, Sir Jacob"
809,3978,Conservative,"Reevell, Simon"
810,4620,Labour,"Reeves, Ellie"
811,4031,Labour,"Reeves, Rachel"
812,1385,Liberal Democrat,"Reid, Mr Alan"
813,4077,Labour,"Reynolds, Emma"
814,4119,Labour (Co-op),"Reynolds, Jonathan"
815,4764,Labour,"Ribeiro-Addy, Bell"
816,4868,Conservative,"Richards, Nicola"
817,4840,Conservative,"Richardson, Angela"
818,1191,Independent,"Rifkind, Sir Malcolm"
819,4457,Labour,"Rimmer, Ms Marie"
820,1525,Labour (Co-op),"Riordan, Mrs Linda"
821,4810,Independent,"Roberts, Mr Rob"
822,1433,Scottish National Party,"Robertson, Angus"
823,1415,Conservative,"Robertson, Sir Hugh"
824,605,Labour,"Robertson, John"
825,253,Conservative,"Robertson, Mr Laurence"
826,4360,Democratic Unionist Party,"Robinson, Gavin"
827,307,Labour,"Robinson, Mr Geoffrey"
828,4406,Conservative,"Robinson, Mary"
829,4654,Labour,"Rodda, Matt"
830,1504,Liberal Democrat,"Rogerson, Dan"
831,1447,Conservative,"Rosindell, Andrew"
832,4627,Conservative,"Ross, Douglas"
833,4035,Labour,"Rotheram, Steve"
834,4628,Labour,"Rowley, Danielle"
835,4652,Conservative,"Rowley, Lee"
836,626,Labour,"Roy, Mr Frank"
837,1608,Labour,"Roy, Lindsay"
838,534,Labour,"Ruane, Chris"
839,3983,Independent,"Rudd, Amber"
840,190,Labour,"Ruddock, Dame Joan"
841,133,Conservative,"Ruffley, Mr David"
842,35,Liberal Democrat,"Russell, Sir Bob"
843,4812,Conservative,"Russell, Dean"
844,4615,Labour (Co-op),"Russell-Moyle, Lloyd"
845,4033,Conservative,"Rutley, David"
846,166,The Independent Group for Change,"Ryan, Joan"
847,577,Scottish National Party,"Salmond, Alex"
848,4760,Conservative,"Sambrook, Gary"
849,4506,Liberal Democrat,"Sandbach, Antoinette"
850,237,Liberal Democrat,"Sanders, Mr Adrian"
851,4094,Conservative,"Sandys, Laura"
852,3981,Labour,"Sarwar, Anas"
853,4521,Plaid Cymru,"Saville Roberts, Liz"
854,4265,Labour (Co-op),"Sawford, Andy"
855,4863,Conservative,"Saxby, Selaine"
856,1534,Conservative,"Scott, Mr Lee"
857,4414,Conservative,"Scully, Paul"
858,1552,Labour,"Seabeck, Alison"
859,4681,Conservative,"Seely, Bob"
860,1453,Conservative,"Selous, Andrew"
861,4409,Labour,"Shah, Naz"
862,4998,Labour,"Shanks, Michael"
863,4131,Democratic Unionist Party,"Shannon, Jim"
864,1582,Conservative,"Shapps, Grant"
865,4014,Conservative,"Sharma, Sir Alok"
866,1604,Labour,"Sharma, Mr Virendra"
867,411,Labour (Co-op),"Sheerman, Mr Barry"
868,3997,Conservative,"Shelbrooke, Sir Alec"
869,295,Conservative,"Shepherd, Sir Richard"
870,4453,Scottish National Party,"Sheppard, Tommy"
871,1464,Labour,"Sheridan, Jim"
872,4426,Labour,"Sherriff, Paula"
873,4013,Independent,"Shuker, Mr Gavin"
874,4518,Labour,"Siddiq, Tulip"
875,4872,Conservative,"Simmonds, David"
876,1393,Conservative,"Simmonds, Mark"
877,1597,Democratic Unionist Party,"Simpson, David"
878,126,Conservative,"Simpson, Mr Keith"
879,404,Labour,"Singh, Mr Marsha"
880,4021,Conservative,"Skidmore, Chris"
881,325,Labour,"Skinner, Mr Dennis"
882,1516,Labour,"Slaughter, Andy"
883,4738,Scottish National Party,"Smith, Alyn"
884,95,Labour,"Smith, Mr Andrew"
885,1564,Liberal Democrat,"Smith, Angela"
886,4436,Labour,"Smith, Cat"
887,1609,Conservative,"Smith, Chloe"
888,4609,Labour,"Smith, Eleanor"
889,4778,Conservative,"Smith, Greg"
890,3960,Conservative,"Smith, Henry"
891,4456,Labour,"Smith, Jeff"
892,4118,Conservative,"Smith, Sir Julian"
893,4648,Labour,"Smith, Laura"
894,3928,Labour,"Smith, Nick"
895,4042,Labour,"Smith, Owen"
896,639,Liberal Democrat,"Smith, Sir Robert"
897,4478,Conservative,"Smith, Royston"
898,4444,Labour,"Smyth, Karin"
899,4595,Labour (Co-op),"Snell, Gareth"
900,4658,Labour (Co-op),"Sobel, Alex"
901,4372,Conservative,"Solloway, Amanda"
902,3938,The Independent Group for Change,"Soubry, Anna"
903,1592,Labour,"Soulsby, Sir Peter"
904,318,Labour,"Spellar, John"
905,312,Conservative,"Spelman, Dame Caroline"
906,4785,Conservative,"Spencer, Dr Ben"
907,4055,Conservative,"Spencer, Sir Mark"
908,4866,Conservative,"Stafford, Alexander"
909,91,Conservative,"Stanley, Sir John"
910,4514,Labour,"Starmer, Sir Keir"
911,4463,Scottish National Party,"Stephens, Chris"
912,4044,Conservative,"Stephenson, Andrew"
913,4425,Labour,"Stevens, Jo"
914,4750,Conservative,"Stevenson, Jane"
915,3942,Conservative,"Stevenson, John"
916,3919,Conservative,"Stewart, Bob"
917,4015,Conservative,"Stewart, Iain"
918,4137,Independent,"Stewart, Rory"
919,4612,Liberal Democrat,"Stone, Jamie"
920,5000,Labour,"Strathern, Alistair"
921,463,Independent,"Straw, Mr Jack"
922,234,Conservative,"Streeter, Sir Gary"
923,4504,Labour,"Streeting, Wes"
924,3935,Conservative,"Stride, Mel"
925,449,Labour,"Stringer, Graham"
926,1482,Conservative,"Stuart, Graham"
927,4079,Conservative,"Sturdy, Julian"
928,4786,Independent,"Sultana, Zarah"
929,4483,Conservative,"Sunak, Rishi"
930,4767,Conservative,"Sunderland, James"
931,403,Labour,"Sutcliffe, Mr Gerry"
932,4045,Liberal Democrat,"Swales, Ian"
933,55,Conservative,"Swayne, Sir Desmond"
934,4642,Labour (Co-op),"Sweeney, Mr Paul"
935,1513,Liberal Democrat,"Swinson, Jo"
936,245,Conservative,"Syms, Sir Robert"
937,1383,Labour,"Tami, Mark"
938,348,Conservative,"Tapsell, Sir Peter"
939,4829,Labour,"Tarry, Sam"
940,1170,Liberal Democrat,"Teather, Sarah"
941,4430,Scottish National Party,"Thewliss, Alison"
942,4532,Conservative,"Thomas, Derek"
943,177,Labour (Co-op),"Thomas, Gareth"
944,4479,Labour,"Thomas-Symonds, Nick"
945,4482,Scottish National Party,"Thompson, Owen"
946,4422,Independent,"Thomson, Michelle"
947,4796,Scottish National Party,"Thomson, Richard"
948,4599,Conservative,"Thomson, Ross"
949,1536,Labour,"Thornberry, Emily"
950,4273,Liberal Democrat,"Thornton, Mr Mike"
951,4447,Conservative,"Throup, Maggie"
952,163,Labour,"Timms, Sir Stephen"
953,1605,Conservative,"Timpson, Edward"
954,4487,Conservative,"Tolhurst, Kelly"
955,4105,Conservative,"Tomlinson, Justin"
956,4497,Conservative,"Tomlinson, Michael"
957,4509,Conservative,"Tracey, Craig"
958,335,Conservative,"Tredinnick, David"
959,4531,Conservative,"Trevelyan, Anne-Marie"
960,410,Labour,"Trickett, Jon"
961,4780,Conservative,"Trott, Laura"
962,4097,Conservative,"Truss, Elizabeth"
963,4994,Conservative,"Tuckwell, Steve"
964,4462,Conservative,"Tugendhat, Tom"
965,4449,Labour (Co-op),"Turley, Anna"
966,1426,Conservative,"Turner, Mr Andrew"
967,4030,Labour,"Turner, Karl"
968,429,Labour,"Twigg, Derek"
969,167,Labour (Co-op),"Twigg, Stephen"
970,4618,Labour,"Twist, Liz"
971,4128,Liberal Democrat,"Umunna, Chuka"
972,4078,Conservative,"Uppal, Paul"
973,1496,Conservative,"Vara, Shailesh"
974,338,Labour,"Vaz, Keith"
975,4076,Labour,"Vaz, Valerie"
976,3957,Conservative,"Vickers, Martin"
977,4844,Conservative,"Vickers, Matt"
978,1500,Conservative,"Villiers, Theresa"
979,4871,Labour,"Wakeford, Christian"
980,1493,Conservative,"Walker, Sir Charles"
981,4091,Conservative,"Walker, Mr Robin"
982,4649,Labour,"Walker, Thelma"
983,1539,Conservative,"Wallace, Mr Ben"
984,286,Labour,"Walley, Joan"
985,4766,Conservative,"Wallis, Dr Jamie"
986,244,Conservative,"Walter, Mr Robert"
987,4526,Independent,"Warburton, David"
988,3923,Liberal Democrat,"Ward, Mr David"
989,4361,Conservative,"Warman, Matt"
990,1462,Conservative,"Watkinson, Dame Angela"
991,4677,Conservative,"Watling, Giles"
992,3984,Conservative,"Weatherley, Mike"
993,5025,Labour,"Webb, Chris"
994,220,Liberal Democrat,"Webb, Steve"
995,4802,Conservative,"Webb, Suzanne"
996,4848,Independent,"Webbe, Claudia"
997,1384,Scottish National Party,"Weir, Mike"
998,4523,Labour,"West, Catherine"
999,4979,Labour,"Western, Andrew"
1000,4617,Labour,"Western, Matt"
1001,4527,Conservative,"Whately, Helen"
1002,4053,Conservative,"Wheeler, Mrs Heather"
1003,4114,Conservative,"White, Chris"
1004,3911,Scottish National Party,"Whiteford, Dr Eilidh"
1005,62,Labour,"Whitehead, Dr Alan"
1006,4626,Labour,"Whitfield, Martin"
1007,4385,Scottish National Party,"Whitford, Dr Philippa"
1008,4755,Labour,"Whitley, Mick"
1009,3940,Conservative,"Whittaker, Craig"
1010,39,Conservative,"Whittingdale, Sir John"
1011,4869,Labour,"Whittome, Nadia"
1012,156,Labour,"Wicks, Malcolm"
1013,1428,Conservative,"Wiggin, Sir Bill"
1014,4787,Conservative,"Wild, James"
1015,4438,Conservative,"Williams, Craig"
1016,1397,Plaid Cymru,"Williams, Hywel"
1017,1498,Liberal Democrat,"Williams, Mr Mark"
1018,4666,Labour,"Williams, Dr Paul"
1019,1394,Liberal Democrat,"Williams, Roger"
1020,1492,Liberal Democrat,"Williams, Stephen"
1021,3976,Independent,"Williamson, Chris"
1022,4108,Conservative,"Williamson, Sir Gavin"
1023,1497,Liberal Democrat,"Willott, Jenny"
1024,4448,Scottish National Party,"Wilson, Corri"
1025,4776,Liberal Democrat,"Wilson, Munira"
1026,1603,Labour,"Wilson, Phil"
1027,1556,Conservative,"Wilson, Mr Rob"
1028,1593,Democratic Unionist Party,"Wilson, Sammy"
1029,316,Labour,"Winnick, Mr David"
1030,4809,Labour,"Winter, Beth"
1031,390,Labour,"Winterton, Dame Rosie"
1032,1440,Scottish National Party,"Wishart, Pete"
1033,4073,Liberal Democrat,"Wollaston, Dr Sarah"
1034,401,Labour,"Wood, Mike"
1035,4384,Conservative,"Wood, Mike"
1036,98,Labour,"Woodward, Mr Shaun"
1037,453,Labour,"Woolas, Mr Phil"
1038,4429,Independent,"Wragg, Mr William"
1039,1461,Labour,"Wright, David"
1040,1478,Labour,"Wright, Mr Iain"
1041,1560,Conservative,"Wright, Sir Jeremy"
1042,4096,Liberal Democrat,"Wright, Simon"
1043,4598,Labour,"Yasin, Mohammad"
1044,136,Conservative,"Yeo, Mr Tim"
1045,4825,Conservative,"Young, Jacob"
1046,4113,Conservative,"Zahawi, Nadhim"
1047,4382,Labour,"Zeichner, Daniel"